{
  "МБОУ Чановская СШ №2": {
    "password": "2",
    "classes": {
      "10": [],
      "11": [],
      "9А": [
        {
          "Номер": "1",
          "Год": "2",
          "Фамилия": "Венильям",
          "Имя": "Илья",
          "Отчество": "Алексндрович",
          "Год рождения": "23.02.2025",
          "Образование": "9А",
          "Учебное заведение(Если учится)": "Наименование школы",
          "Домашний адрес": "Адрес",
          "Номер телефона": "+7 1234567890",
          "Дата регистрации": "3",
          "Пароль": "Текст",
          "books": [
            {
              "Дата выдачи": "23.02.2025",
              "Инв. Номер": "3456789",
              "Отдел": "56",
              "Автор и заглавие книги": "А. С. Пушкин Кто-то там в лесу",
              "status": true
            },
            {
              "Дата выдачи": "10.01.2025",
              "Инв. Номер": "123",
              "Отдел": "1",
              "Автор и заглавие книги": "Н. Ю. Лермонтов Война и Мир",
              "status": true
            },
            {
              "Дата выдачи": "",
              "Инв. Номер": "",
              "Отдел": "",
              "Автор и заглавие книги": "",
              "status": true
            }
          ]
        },
        {
          "Номер": "1",
          "Год": "2",
          "Фамилия": "Вегелин",
          "Имя": "Максим",
          "Отчество": "Вадимович",
          "Год рождения": "02.12.2009",
          "Образование": "9А",
          "Учебное заведение(Если учится)": "МБОУ Чановская СШ №2",
          "Домашний адрес": "-",
          "Номер телефона": "+7 91392498873",
          "Дата регистрации": "24.02.2025",
          "Пароль": "123",
          "books": [
            {
              "Дата выдачи": "05.02.2025",
              "Инв. Номер": "665432",
              "Отдел": "51",
              "Автор и заглавие книги": "М. Ю. Лермонтов Сборник поэм",
              "status": false
            }
          ]
        }
      ],
      "2А": [],
      "Учителя": [],
      "1Б": [],
      "2Б": [],
      "3А": [],
      "3Б": [],
      "4А": [],
      "4Б": [],
      "5А": [],
      "5Б": [],
      "6Б": [],
      "7А": [],
      "7Б": [],
      "8А": [],
      "8Б": [],
      "9Б": [],
      "1А": [],
      "6А": []
    }
  },
  "Администрация организации «Моя библиотека» ": {
    "password": "0000",
    "classes": {
      "Администрация": [
        {
          "Фамилия": "Вегелин",
          "Имя": "Максим",
          "Отчество": "Вадимович",
          "Роль": "Администратор",
          "Номер телефона": "+7 9139498873",
          "Пароль": "0000",
          "Заявки": []
        }
      ]
    }
  }
}